,no-obesity,no-asthma,no-mental-health-prob,sleep >7
train,0.7014057086887063,0.8018766951177511,0.5658212071742565,0.8464256317780325
test,0.7412371424350714,0.8341811848719767,0.588329116048784,0.8727037386119938
