,no-obesity,no-asthma,no-mental-health-prob,sleep >7
train,0.7045859030678427,0.7853775748397986,0.6223395730976028,0.8856411895284388
test,0.7027267818584761,0.8022260362056313,0.5742692903193817,0.8254463716024513
