,commute,density,intercept,pollution,safety
obesity,0.1299454399373978,0.056827712828420036,54.34746363628092,0.0,0.17167550309726146
asthma,0.0,-0.028366968457981284,91.71136868736754,0.0,0.0
mental,0.03464112266352872,-0.017783131027812236,84.183551854499,0.006992109649599148,0.04571030769234272
sleep,-0.15240358938290316,-0.07217333096278075,71.45873028853912,0.0,0.0
