,commute,density,intercept,pollution,safety
obesity,0.1282530728193881,0.06647972553576394,53.7113359756564,0.0,0.17677873627541493
asthma,0.0,-0.029262819472407314,91.75831238747185,0.0,0.0
mental,0.03671632352580929,-0.017231029997198076,84.0651998527956,0.007023428787252983,0.04716226142188858
sleep,-0.1555461529438372,-0.07330154721364536,71.63079456065783,0.0,0.0
